<?xml version="1.0" encoding="UTF-8"?>
<project-private xmlns="http://www.netbeans.org/ns/project-private/1">
    <editor-bookmarks xmlns="http://www.netbeans.org/ns/editor-bookmarks/2" lastBookmarkId="0"/>
    <open-files xmlns="http://www.netbeans.org/ns/projectui-open-files/2">
        <group name="PG2">
            <file>file:/C:/Users/stopk/Documents/NetBeansProjects/PG2/JavaFXML/src/javafxml/stylesheet.css</file>
            <file>file:/C:/Users/stopk/Documents/NetBeansProjects/PG2/JavaFXML/src/javafxml/FXMLDocumentController.java</file>
            <file>file:/C:/Users/stopk/Documents/NetBeansProjects/PG2/JavaFXML/src/javafxml/FXMLDocument.fxml</file>
            <file>file:/C:/Users/stopk/Documents/NetBeansProjects/PG2/JavaFXML/src/javafxml/Calculator.java</file>
        </group>
    </open-files>
</project-private>
